FECHA;HORA_UTC;LATITUD (grados);LONGITUD (grados);PROFUNDIDAD (Km);MAGNITUD Ml;MAGNITUD Mw;DEPARTAMENTO;MUNICIPIO;# FASES;RMS (Seg);GAP (grados);ERROR LATITUD (Km);ERROR LONGITUD (Km);ERROR PROFUNDIDAD (Km);ESTADO
1996-12-05;01:58:33;9,41;-73,33;3;3,4;;CESAR;LA_JAGUA_DE_IBIRICO;0; 0.90;0;0;0;0;Revisado
1997-03-20;20:52:59;9,412;-73,404;0;3,7;;CESAR;LA_JAGUA_DE_IBIRICO;5; 0.70;333;21,9;90,7;24,4;Revisado
1997-06-09;15:57:09;9,705;-73,45;2,4;3;;CESAR;BECERRIL;4; 0.60;199;5,3;20,8;12,4;Revisado
1997-12-11;18:55:17;9,563;-73,579;4;3;;CESAR;EL_PASO;4; 0.50;186;81,3;48,4;16,2;Revisado
1998-08-12;03:41:48;9,749;-73,302;8;2,8;;CESAR;BECERRIL;3; 0.20;206;25;98;38,7;Revisado
1999-05-09;07:57:10;9,764;-73,544;0;3,5;;CESAR;EL_PASO;8; 0.70;201;7,1;20,1;28,1;Revisado
1999-05-14;03:18:14;9,489;-73,445;4;3,1;;CESAR;LA_JAGUA_DE_IBIRICO;5; 1.00;194;27,4;56,8;40,2;Revisado
2001-08-28;17:49:28;9,721;-73,427;0;3,1;;CESAR;BECERRIL;5; 1.40;198;39,4;37,1;89,6;Revisado
2001-09-10;17:01:12;9,608;-73,447;0;2,7;;CESAR;LA_JAGUA_DE_IBIRICO;4; 1.20;196;50,7;39,9;0,3;Revisado
2001-10-22;16:58:57;9,616;-73,413;0;2,8;;CESAR;LA_JAGUA_DE_IBIRICO;5; 0.80;197;50,5;3,5;44,2;Revisado
2001-12-03;16:49:56;9,617;-73,54;0;3;;CESAR;LA_JAGUA_DE_IBIRICO;4; 0.80;190;99,9;99,9;95,7;Revisado
2001-12-09;18:31:44;9,653;-73,402;0;2,7;;CESAR;LA_JAGUA_DE_IBIRICO;5; 1.40;199;27,9;5,1;95,9;Revisado
2001-12-20;18:27:26;9,621;-73,404;0;2,9;;CESAR;LA_JAGUA_DE_IBIRICO;4; 1.40;198;86,1;48,8;80,3;Revisado
2002-01-08;11:20:22;9,53;-73,377;15,3;2,6;;CESAR;LA_JAGUA_DE_IBIRICO;5; 0.40;198;4,9;18,4;15,9;Revisado
2002-03-05;04:41:31;9,621;-73,676;4;2,8;;CESAR;EL_PASO;4; 0.50;179;4,6;10,6;8,8;Revisado
2002-07-01;14:49:31;9,713;-73,629;4,2;2,9;;CESAR;EL_PASO;4; 0.50;185;9,4;33,5;23,9;Revisado
2002-07-06;03:54:53;9,682;-73,56;0;2,9;;CESAR;EL_PASO;4; 0.50;189;99,9;99,9;99,9;Revisado
2005-01-11;18:37:19;9,75;-73,534;0;3,1;;CESAR;EL_PASO;4; 0.40;192;73,1;95,1;31,4;Revisado
2005-02-03;11:17:38;9,664;-73,579;8,3;3;;CESAR;EL_PASO;4; 0.10;320;6,3;16,1;12,7;Revisado
2005-11-09;17:08:47;9,729;-73,469;0;3;;CESAR;BECERRIL;4; 1.00;197;20,3;72,7;33,5;Revisado
2006-08-25;02:25:50;9,763;-73,654;0;3,2;;CESAR;EL_PASO;4; 0.30;319;17,9;15,9;14;Revisado
2006-11-12;18:30:55;9,452;-73,352;0;3;;CESAR;LA_JAGUA_DE_IBIRICO;4; 1.10;321;57,3;70,7;70,4;Revisado
2007-04-05;05:55:11;9,771;-73,749;1,4;2,4;;CESAR;EL_PASO;4; 0.50;177;4,5;16,4;10,8;Revisado
2008-04-04;17:00:25;9,388;-73,512;0;2,3;;CESAR;CHIRIGUANA;6; 1.00;276;74;67,7;78;Revisado
2008-05-05;17:46:49;9,612;-73,508;0,2;2,5;;CESAR;LA_JAGUA_DE_IBIRICO;4; 0.60;192;4,5;12,8;10,5;Revisado
2009-02-17;11:01:15;9,702;-73,427;3,9;2,6;;CESAR;BECERRIL;4; 0.40;199;13,8;58,8;16;Revisado
2009-04-08;17:43:31;9,663;-73,714;0,7;2,3;;CESAR;EL_PASO;5; 0.60;167;3,9;11,5;10,4;Revisado
2009-06-07;22:59:49;9,622;-73,535;0;2,1;;CESAR;LA_JAGUA_DE_IBIRICO;6; 0.40;293;24,1;37,6;26,6;Revisado
2009-06-12;17:42:53;9,672;-73,315;0;2,2;;CESAR;BECERRIL;5; 0.90;185;9,8;14,6;16,9;Revisado
2009-06-18;17:51:33;9,6;-73,385;10;2,2;;CESAR;LA_JAGUA_DE_IBIRICO;4; 0.20;266;7,3;5,7;10,1;Revisado
2009-08-28;17:53:53;9,538;-73,567;0;2,7;;CESAR;CHIRIGUANA;5; 0.60;261;13,8;15,4;15,8;Revisado
2009-09-23;22:44:49;9,719;-73,737;0;2,1;;CESAR;EL_PASO;6; 0.40;221;5,5;17,6;16,9;Revisado
2009-10-13;17:45:48;9,617;-73,569;4;2,7;;CESAR;EL_PASO;5; 0.50;224;8,4;16,2;15,5;Revisado
2009-10-18;17:46:58;9,519;-73,496;4;2,4;;CESAR;LA_JAGUA_DE_IBIRICO;5; 0.90;143;13,4;15,9;31,4;Revisado
2009-10-28;17:40:10;9,694;-73,636;0;2,6;;CESAR;EL_PASO;4; 0.50;217;5,5;13,5;18,4;Revisado
2009-10-28;17:50:10;9,56;-73,682;0;2,7;;CESAR;EL_PASO;5; 0.50;282;12,1;20,1;20,7;Revisado
2009-11-03;17:45:40;9,47;-73,373;0;2,2;;CESAR;LA_JAGUA_DE_IBIRICO;4; 0.90;144;7,5;10,1;22,1;Revisado
2009-11-10;17:45:35;9,521;-73,531;0;2,4;;CESAR;CHIRIGUANA;4; 0.60;332;20,9;29;19,8;Revisado
2009-11-15;22:45:25;9,442;-73,546;0;2,4;;CESAR;CHIRIGUANA;4; 0.30;210;4,2;16,6;10,2;Revisado
2009-11-28;17:42:22;9,464;-73,459;0;2,3;3,5;CESAR;LA_JAGUA_DE_IBIRICO;6; 0.70;140;11,9;13,2;15,4;Revisado
2009-12-12;17:46:57;9,375;-73,407;2;2,3;;CESAR;CHIRIGUANA;5; 0.20;280;10,8;10,7;8,9;Revisado
2009-12-24;17:45:37;9,589;-73,598;0;2,6;;CESAR;EL_PASO;6; 0.50;215;11,8;7,7;18,3;Revisado
2010-01-06;17:43:34;9,51;-73,413;2,3;2,9;;CESAR;LA_JAGUA_DE_IBIRICO;8; 0.50;211;9,2;8,2;15,9;Revisado
2010-01-10;22:55:38;9,653;-73,598;0;2,2;3;CESAR;EL_PASO;4; 0.10;296;10,6;16,5;12,1;Revisado
2010-02-20;17:46:29;9,361;-73,54;0;2,1;;CESAR;CHIRIGUANA;7; 0.50;205;8,7;8,1;9,5;Revisado
2010-03-10;17:46:28;9,46;-73,394;16;2,4;;CESAR;LA_JAGUA_DE_IBIRICO;5; 0.50;138;5,6;4,4;17,7;Revisado
2010-03-31;17:46:10;9,459;-73,508;0;2,7;;CESAR;CHIRIGUANA;6; 0.50;209;7,8;7,3;15,9;Revisado
2010-04-04;17:43:56;9,467;-73,486;0;2,7;;CESAR;CHIRIGUANA;7; 0.50;141;4,4;5,3;7,6;Revisado
2010-04-18;07:12:43;9,472;-73,688;0,3;2,2;;CESAR;CHIRIGUANA;4; 0.80;146;7,1;10,5;13,9;Revisado
2010-04-24;16:42:37;9,689;-73,559;0;2,4;;CESAR;EL_PASO;7; 0.50;151;12,2;14,7;17,4;Revisado
2010-04-29;17:47:10;9,536;-73,717;0;2,5;;CESAR;EL_PASO;6; 0.40;235;6,3;41,2;18,5;Revisado
2010-05-03;17:45:17;9,41;-73,479;0;2,3;;CESAR;CHIRIGUANA;8; 0.30;207;4,9;4,1;9,3;Revisado
2010-05-05;17:41:35;9,479;-73,565;0;2,4;;CESAR;CHIRIGUANA;6; 0.60;278;17,8;20,7;18,3;Revisado
2010-05-09;17:50:57;9,564;-73,574;0;2,3;;CESAR;EL_PASO;6; 0.40;332;16,4;21,3;17;Revisado
2010-05-13;17:46:15;9,592;-73,39;0;2,4;;CESAR;LA_JAGUA_DE_IBIRICO;7; 0.60;271;17,7;12,5;14;Revisado
2010-05-14;17:45:00;9,543;-73,646;0;2,4;;CESAR;EL_PASO;6; 0.50;342;17,6;40,4;22,3;Revisado
2010-05-15;16:38:55;9,815;-73,53;2;2,2;;CESAR;EL_PASO;6; 0.50;336;17,9;30,1;19,5;Revisado
2010-05-20;17:15:07;9,694;-73,737;13,8;2,1;;CESAR;EL_PASO;6; 0.40;236;13,5;27,8;36,4;Revisado
2010-05-21;17:50:13;9,501;-73,467;0;2,2;;CESAR;LA_JAGUA_DE_IBIRICO;7; 0.60;210;17,8;15,8;18,8;Revisado
2010-05-22;17:48:00;9,57;-73,748;0,1;2,5;;CESAR;EL_PASO;5; 0.70;300;30,9;76,1;40,9;Revisado
2010-05-23;17:29:23;9,536;-73,759;3,3;1,8;;CESAR;EL_PASO;4; 0.50;349;17,9;20,8;47;Revisado
2010-05-23;17:54:36;9,463;-73,552;0;2;;CESAR;CHIRIGUANA;6; 0.50;209;13,2;11,6;14,6;Revisado
2010-05-25;17:46:05;9,563;-73,32;0;2,5;;CESAR;LA_JAGUA_DE_IBIRICO;6; 0.70;140;6,6;7,5;10,9;Revisado
2010-05-27;17:04:01;9,524;-73,538;0;2,1;;CESAR;CHIRIGUANA;4; 0.50;265;17,2;16,8;13,8;Revisado
2010-06-03;17:44:51;9,493;-73,719;1;2,6;;CESAR;EL_PASO;7; 0.40;228;4;12,1;9,3;Revisado
2010-06-06;20:00:30;9,494;-73,472;3,9;2,2;;CESAR;LA_JAGUA_DE_IBIRICO;6; 0.20;142;4,5;6,4;10,8;Revisado
2010-06-08;17:23:01;9,572;-73,525;12;2;;CESAR;LA_JAGUA_DE_IBIRICO;4; 0.60;292;13,5;23,2;15;Revisado
2010-06-09;17:44:29;9,598;-73,727;0;1,9;;CESAR;EL_PASO;5; 0.60;265;19,5;17,3;15,3;Revisado
2010-06-11;17:13:05;9,732;-73,439;0;1,7;;CESAR;BECERRIL;5; 0.40;274;12,5;8,5;12,5;Revisado
2010-06-11;17:20:34;9,562;-73,645;0;1,5;;CESAR;EL_PASO;4; 0.10;347;16,6;49;23,2;Revisado
2010-06-14;17:49:13;9,472;-73,421;0;2,4;;CESAR;LA_JAGUA_DE_IBIRICO;6; 0.60;140;8,2;8;11;Revisado
2010-06-20;16:19:31;9,469;-73,525;0;2,3;;CESAR;CHIRIGUANA;7; 0.40;142;4;8;8,2;Revisado
2010-06-22;17:43:00;9,401;-73,503;0;2;;CESAR;CHIRIGUANA;6; 0.60;139;5,5;10,3;10,9;Revisado
2010-06-29;17:30:35;9,608;-73,59;0;1,7;;CESAR;EL_PASO;5; 0.40;295;22,4;35,8;26,2;Revisado
2010-07-01;10:54:18;9,585;-73,567;0;1,8;;CESAR;EL_PASO;5; 0.50;294;27,8;55;33,9;Revisado
2010-07-05;17:32:13;9,593;-73,557;0;2,4;;CESAR;EL_PASO;6; 0.50;280;18,9;26,2;20,5;Revisado
2010-07-09;17:20:38;9,523;-73,331;0;2,2;;CESAR;LA_JAGUA_DE_IBIRICO;6; 0.50;211;10,7;10,2;10,9;Revisado
2010-07-09;17:47:54;9,428;-73,531;0,1;1,9;;CESAR;CHIRIGUANA;5; 0.40;262;24,3;16,7;22,6;Revisado
2010-07-16;16:34:31;9,406;-73,394;0;2,5;;CESAR;LA_JAGUA_DE_IBIRICO;4; 0.60;137;6,8;16,7;16;Revisado
2010-07-23;02:51:19;9,885;-73,311;5,3;1,9;;CESAR;AGUSTIN_CODAZZI;4; 0.40;215;8;27,9;20,1;Revisado
2010-07-23;17:49:47;9,486;-73,567;0;2,4;;CESAR;CHIRIGUANA;6; 0.50;144;4,7;11,5;9,8;Revisado
2010-07-25;17:46:13;9,556;-73,532;0;2,9;;CESAR;LA_JAGUA_DE_IBIRICO;9; 0.50;145;6,2;7,5;8,1;Revisado
2010-07-29;17:44:24;9,482;-73,462;0;2,6;;CESAR;LA_JAGUA_DE_IBIRICO;7; 0.50;141;6,6;8,9;16,7;Revisado
2010-08-02;18:02:33;9,546;-73,484;0,1;2,8;;CESAR;LA_JAGUA_DE_IBIRICO;6; 0.60;144;7,4;9,2;16,1;Revisado
2010-08-06;17:52:02;9,355;-73,349;0;2,6;;CESAR;LA_JAGUA_DE_IBIRICO;7; 0.50;134;10,7;10,6;22,7;Revisado
2010-08-12;17:45:33;9,66;-73,641;0;2,7;;CESAR;EL_PASO;5; 0.50;315;13,5;31,4;17,9;Revisado
2010-08-14;17:45:06;9,518;-73,448;0,1;2,4;;CESAR;LA_JAGUA_DE_IBIRICO;7; 0.60;142;9,2;8,7;15,2;Revisado
2010-08-17;17:48:07;9,433;-73,583;0;2,6;;CESAR;CHIRIGUANA;6; 0.60;142;12,2;9,7;14;Revisado
2010-08-22;17:50:19;9,456;-73,544;0;2,2;;CESAR;CHIRIGUANA;6; 0.60;209;15,7;12,9;16,8;Revisado
2010-08-25;18:04:43;9,517;-73,368;0;2,3;;CESAR;LA_JAGUA_DE_IBIRICO;5; 0.60;269;17,3;16,4;19,2;Revisado
2010-08-27;17:47:39;9,452;-73,373;0;2,5;;CESAR;LA_JAGUA_DE_IBIRICO;6; 0.80;138;16;23,3;34,6;Revisado
2010-08-28;03:15:02;9,462;-73,718;0;1,6;;CESAR;CHIRIGUANA;4; 0.50;235;8,7;97,4;43;Revisado
2010-08-29;17:31:53;9,508;-73,452;0;2;;CESAR;LA_JAGUA_DE_IBIRICO;4; 0.40;332;19;32,7;24,5;Revisado
2010-09-02;18:02:16;9,482;-73,683;0;2,7;;CESAR;CHIRIGUANA;5; 0.60;146;6,3;15,5;14,5;Revisado
2010-09-03;17:29:46;9,553;-73,553;0;2,5;;CESAR;CHIRIGUANA;4; 0.50;332;17;21,1;15,7;Revisado
2010-09-11;17:47:45;9,61;-73,501;0;2,8;;CESAR;LA_JAGUA_DE_IBIRICO;7; 0.60;211;13;39,1;24,6;Revisado
2010-09-12;17:47:07;9,606;-73,47;0;2,4;;CESAR;LA_JAGUA_DE_IBIRICO;6; 0.70;146;12,7;21,2;20,9;Revisado
2010-09-16;17:44:58;9,363;-73,36;0;2,4;;CESAR;LA_JAGUA_DE_IBIRICO;5; 0.50;134;4;6,6;8,8;Revisado
2010-09-22;17:45:53;9,551;-73,38;0;2,2;;CESAR;LA_JAGUA_DE_IBIRICO;5; 0.60;141;7,5;10,1;11,6;Revisado
2010-09-24;17:45:35;9,502;-73,393;0;2,6;;CESAR;LA_JAGUA_DE_IBIRICO;7; 0.40;268;11,9;11,1;14;Revisado
2010-09-27;17:45:05;9,451;-73,484;0;2,5;;CESAR;CHIRIGUANA;7; 0.60;140;5,8;7,9;10,3;Revisado
2010-10-08;17:46:04;9,382;-73,33;9,7;2,5;;CESAR;LA_JAGUA_DE_IBIRICO;6; 0.70;136;14,1;12,3;23,8;Revisado
2010-10-14;22:58:21;9,493;-73,313;0;2,4;;CESAR;LA_JAGUA_DE_IBIRICO;5; 0.70;137;6,6;14,4;16,4;Revisado
2010-10-25;17:45:06;9,439;-73,53;0;2,7;;CESAR;CHIRIGUANA;5; 0.40;331;18,2;26,4;22,2;Revisado
2010-10-26;17:47:49;9,55;-73,464;1,7;2,7;;CESAR;LA_JAGUA_DE_IBIRICO;6; 0.50;143;5,5;7,2;11,4;Revisado
2010-10-27;17:44:28;9,42;-73,399;0;2,5;;CESAR;LA_JAGUA_DE_IBIRICO;6; 0.50;331;21,6;22,9;20,8;Revisado
2010-10-28;17:43:48;9,534;-73,345;0;2,5;;CESAR;LA_JAGUA_DE_IBIRICO;5; 0.40;140;5,2;7,5;11,2;Revisado
2010-10-29;17:46:40;9,542;-73,428;0;2,5;;CESAR;LA_JAGUA_DE_IBIRICO;8; 0.60;268;16,9;12,3;16,1;Revisado
2010-10-31;17:43:07;9,495;-73,418;0;2,4;;CESAR;LA_JAGUA_DE_IBIRICO;7; 0.50;140;5,1;6,5;9,5;Revisado
2010-11-03;17:48:53;9,446;-73,404;0;2,3;;CESAR;LA_JAGUA_DE_IBIRICO;4; 0.40;144;4,7;6,4;7,4;Revisado
2010-11-06;17:57:42;9,523;-73,374;0;2,8;;CESAR;LA_JAGUA_DE_IBIRICO;5; 0.40;140;7,6;8,4;12,9;Revisado
2010-11-10;17:47:38;9,476;-73,709;2,2;2;;CESAR;CHIRIGUANA;4; 0.10;235;6,8;66,7;29,3;Revisado
2010-11-18;17:42:16;9,49;-73,381;0;2,5;;CESAR;LA_JAGUA_DE_IBIRICO;7; 0.50;139;5,5;7,1;9,4;Revisado
2010-11-19;17:45:16;9,474;-73,461;2;2,1;;CESAR;LA_JAGUA_DE_IBIRICO;5; 0.50;141;4,3;6,8;11,1;Revisado
2010-11-29;17:53:11;9,435;-73,559;0;2,1;;CESAR;CHIRIGUANA;5; 0.50;261;30,6;19,5;17,1;Revisado
2010-12-11;17:48:03;9,502;-73,512;0;2,1;;CESAR;CHIRIGUANA;4; 0.50;265;12,6;10,3;11,6;Revisado
2010-12-19;17:47:45;9,488;-73,375;0;2,5;;CESAR;LA_JAGUA_DE_IBIRICO;4; 0.70;139;13,4;13,9;26,8;Revisado
2010-12-28;17:42:38;9,472;-73,542;0,5;2,6;;CESAR;CHIRIGUANA;6; 0.60;143;7,2;8,1;10,8;Revisado
2011-01-11;17:52:35;9,516;-73,374;0;2,4;;CESAR;LA_JAGUA_DE_IBIRICO;4; 0.50;269;15,5;12,4;14,2;Revisado
2011-01-12;17:47:29;9,54;-73,371;0;2,6;;CESAR;LA_JAGUA_DE_IBIRICO;5; 0.50;270;16,7;13,3;15,3;Revisado
2011-01-13;17:55:22;9,447;-73,387;0;2,5;;CESAR;LA_JAGUA_DE_IBIRICO;7; 0.50;138;7,1;10,3;10,9;Revisado
2011-01-14;17:47:44;9,618;-73,349;0;2,3;;CESAR;LA_JAGUA_DE_IBIRICO;5; 0.60;215;12,4;8,3;18,6;Revisado
2011-01-16;22:47:28;9,634;-73,372;0;1,8;;CESAR;LA_JAGUA_DE_IBIRICO;4; 0.40;216;7,7;8;12,6;Revisado
2011-01-19;17:44:25;9,409;-73,512;0;2,4;;CESAR;CHIRIGUANA;4; 0.60;207;10,9;9,8;17,6;Revisado
2011-01-21;17:42:02;9,65;-73,476;0,4;2,4;;CESAR;LA_JAGUA_DE_IBIRICO;5; 0.40;147;6,5;5,8;11,1;Revisado
2011-01-25;17:46:16;9,445;-73,355;0;2,1;;CESAR;LA_JAGUA_DE_IBIRICO;4; 0.60;267;21,7;14,7;14,5;Revisado
2011-01-28;17:45:02;9,491;-73,464;0;2;;CESAR;LA_JAGUA_DE_IBIRICO;4; 0.80;266;24,8;34,7;26,3;Revisado
2011-02-06;17:45:31;9,461;-73,448;0;2,2;;CESAR;LA_JAGUA_DE_IBIRICO;5; 0.50;209;9,7;7,4;12,7;Revisado
2011-02-11;17:43:49;9,573;-73,382;0;2,3;;CESAR;LA_JAGUA_DE_IBIRICO;4; 0.50;270;19,9;14,1;14;Revisado
2011-02-16;17:46:36;9,445;-73,427;10;2,1;;CESAR;LA_JAGUA_DE_IBIRICO;5; 0.20;265;7,4;4,5;8,5;Revisado
2011-02-27;17:48:13;9,47;-73,577;0;2,6;;CESAR;CHIRIGUANA;6; 0.30;234;9,6;12,8;13,7;Revisado
2011-03-01;17:44:49;9,512;-73,647;0;2,7;;CESAR;CHIRIGUANA;5; 0.50;261;11,6;19,3;15;Revisado
2011-03-04;17:48:50;9,646;-73,311;1,3;2,6;;CESAR;BECERRIL;6; 0.20;274;5,1;5,7;6,7;Revisado
2011-03-10;17:46:31;9,464;-73,622;0;2,7;;CESAR;CHIRIGUANA;6; 0.30;234;17,2;11,7;13,6;Revisado
2011-04-07;17:42:08;9,818;-73,402;1,8;2,6;;CESAR;BECERRIL;5; 0.40;223;15;7,5;11,8;Revisado
2011-04-18;17:47:38;9,528;-73,519;1,5;2,8;;CESAR;CHIRIGUANA;5; 0.40;266;14,9;15,1;13,9;Revisado
2011-04-19;17:31:21;9,478;-73,631;0;2,1;;CESAR;CHIRIGUANA;4; 0.50;347;41,7;90,4;88,5;Revisado
2011-04-19;17:45:31;9,439;-73,557;0;2,2;;CESAR;CHIRIGUANA;4; 0.60;262;18;12,3;18;Revisado
2011-04-22;17:45:40;9,464;-73,616;0;2,4;;CESAR;CHIRIGUANA;6; 0.60;331;20,9;35,3;27,8;Revisado
2011-04-26;17:42:57;9,594;-73,496;0;2,4;;CESAR;LA_JAGUA_DE_IBIRICO;4; 0.30;146;5,3;6,3;9,4;Revisado
2011-04-27;17:42:43;9,47;-73,366;0;2,5;;CESAR;LA_JAGUA_DE_IBIRICO;5; 0.70;267;23;18,5;25,3;Revisado
2011-05-02;17:41:15;9,532;-73,366;0;2,4;;CESAR;LA_JAGUA_DE_IBIRICO;5; 0.60;269;19,3;14,5;21,3;Revisado
2011-05-09;17:17:45;9,56;-73,42;0;2,3;;CESAR;LA_JAGUA_DE_IBIRICO;4; 0.30;344;10,3;28,2;35,3;Revisado
2011-05-14;17:47:27;9,595;-73,572;0;2;;CESAR;EL_PASO;6; 0.50;119;4,5;5,1;8,1;Revisado
2011-05-15;17:35:09;9,437;-73,537;10,5;2,1;;CESAR;CHIRIGUANA;5; 0.40;229;15,1;19,9;14,9;Revisado
2011-05-15;17:44:28;9,421;-73,554;6,1;2,4;;CESAR;CHIRIGUANA;8; 0.40;120;5,3;5,9;10,6;Revisado
2011-05-18;17:24:12;9,488;-73,526;0;1,7;;CESAR;CHIRIGUANA;5; 0.40;232;17,2;17,5;7;Revisado
2011-05-18;17:47:42;9,581;-73,48;0;2,1;;CESAR;LA_JAGUA_DE_IBIRICO;5; 0.70;238;20,8;18,9;23,7;Revisado
2011-05-19;16:36:16;9,676;-73,581;5,6;1,9;;CESAR;EL_PASO;6; 0.60;120;11,3;11;28,2;Revisado
2011-05-20;17:26:45;9,419;-73,381;0;2,2;;CESAR;LA_JAGUA_DE_IBIRICO;4; 0.60;234;24;26,4;15,6;Revisado
2011-05-20;17:43:56;9,484;-73,475;0;1,5;;CESAR;LA_JAGUA_DE_IBIRICO;4; 0.50;125;18,7;16,9;22,1;Revisado
2011-05-21;17:22:36;9,547;-73,351;0;2,2;;CESAR;LA_JAGUA_DE_IBIRICO;5; 0.80;130;5,2;7,5;12,2;Revisado
2011-05-22;17:32:07;9,57;-73,588;0;1,7;;CESAR;EL_PASO;5; 0.50;119;8,5;9,2;13,1;Revisado
2011-05-22;17:50:58;9,612;-73,494;1;1,7;;CESAR;LA_JAGUA_DE_IBIRICO;6; 0.50;123;4,9;6,5;11,1;Revisado
2011-05-22;17:56:44;9,536;-73,511;0;2,1;;CESAR;LA_JAGUA_DE_IBIRICO;6; 0.50;122;5,4;6,1;9,7;Revisado
2011-05-23;17:19:49;9,589;-73,313;0;2,1;;CESAR;LA_JAGUA_DE_IBIRICO;4; 0.30;132;3,5;4,6;6,7;Revisado
2011-05-24;17:52:48;9,668;-73,354;0;2,2;;CESAR;BECERRIL;4; 0.50;246;20,3;18,7;11,1;Revisado
2011-05-24;23:06:38;9,644;-73,439;0;1,7;;CESAR;LA_JAGUA_DE_IBIRICO;6; 0.70;126;19,2;17,1;17,6;Revisado
2011-05-27;17:19:16;9,543;-73,621;0;2;;CESAR;EL_PASO;5; 0.10;117;3,6;3;7,3;Revisado
2011-06-02;10:54:06;9,737;-73,402;0,9;2;;CESAR;BECERRIL;5; 0.30;247;9,8;9,4;11,6;Revisado
2011-06-04;17:46:11;9,699;-73,369;0;2,6;;CESAR;BECERRIL;5; 0.40;246;16,4;11,2;11,6;Revisado
2011-06-04;22:54:20;9,649;-73,494;4;2,1;;CESAR;LA_JAGUA_DE_IBIRICO;4; 0.50;123;4,4;10,5;10,4;Revisado
2011-06-07;17:45:15;9,459;-73,489;0;2,1;;CESAR;CHIRIGUANA;5; 0.50;141;4,2;11,1;10,5;Revisado
2011-06-07;22:56:21;9,7;-73,456;2,4;2;;CESAR;BECERRIL;7; 0.50;125;5,8;7,4;14,2;Revisado
2011-06-08;17:46:43;9,441;-73,479;4;2,2;;CESAR;CHIRIGUANA;6; 0.60;124;4,8;7,4;12;Revisado
2011-06-10;10:55:30;9,703;-73,443;0;2;;CESAR;BECERRIL;5; 0.30;125;6;5,8;7,6;Revisado
2011-06-10;17:50:19;9,48;-73,504;0;2,3;;CESAR;CHIRIGUANA;6; 0.50;123;5,5;5,9;9,2;Revisado
2011-06-14;17:48:36;9,708;-73,361;0;2,1;;CESAR;BECERRIL;4; 0.30;247;12,8;9,7;9,6;Revisado
2011-06-15;17:43:39;9,567;-73,455;0;2,1;;CESAR;LA_JAGUA_DE_IBIRICO;6; 0.70;238;19,2;19,5;23,6;Revisado
2011-06-17;17:55:29;9,611;-73,405;0;2;;CESAR;LA_JAGUA_DE_IBIRICO;4; 0.80;241;31,1;29,8;16,7;Revisado
2011-06-19;17:49:13;9,418;-73,49;0;2;;CESAR;CHIRIGUANA;4; 0.80;262;51,3;27,9;26,4;Revisado
2011-06-20;11:00:57;9,763;-73,418;0;2;;CESAR;BECERRIL;6; 0.50;126;9,4;8,9;15,4;Revisado
2011-06-21;10:55:01;9,63;-73,498;0;1,8;;CESAR;LA_JAGUA_DE_IBIRICO;5; 0.60;239;15,6;15,5;15,6;Revisado
2011-06-21;17:23:54;9,418;-73,491;0;1,7;;CESAR;CHIRIGUANA;4; 0.60;230;26,3;35,5;24,1;Revisado
2011-06-24;16:59:41;9,634;-73,645;0,2;2,4;;CESAR;EL_PASO;5; 0.40;234;19;14,4;11,4;Revisado
2011-06-24;18:52:55;9,561;-73,593;0,4;1,9;;CESAR;EL_PASO;4; 0.10;233;9,3;7,2;10,9;Revisado
2011-06-25;17:33:49;9,581;-73,514;0;2;;CESAR;LA_JAGUA_DE_IBIRICO;4; 0.50;236;16;19,6;11,8;Revisado
2011-06-25;22:02:01;9,669;-73,624;0,1;2,3;;CESAR;EL_PASO;5; 0.50;237;24,3;21,1;28,2;Revisado
2011-06-27;17:41:41;9,365;-73,576;0;2,1;;CESAR;CHIRIGUANA;4; 0.40;329;19,7;37,5;25,1;Revisado
2011-06-27;20:37:30;9,697;-73,439;0;2,3;;CESAR;BECERRIL;6; 0.30;244;8,4;8,3;6,8;Revisado
2011-06-29;17:29:19;9,45;-73,448;0;2,4;;CESAR;LA_JAGUA_DE_IBIRICO;5; 0.50;233;12,2;14,1;12,2;Revisado
2011-06-29;18:33:44;9,465;-73,592;2,1;1,9;;CESAR;CHIRIGUANA;5; 0.50;228;16,1;17;12,2;Revisado
2011-06-30;16:40:51;9,693;-73,612;0,2;2,1;;CESAR;EL_PASO;4; 0.40;238;12,8;10,9;9,3;Revisado
2011-07-01;18:34:36;9,672;-73,461;0;1,6;;CESAR;LA_JAGUA_DE_IBIRICO;4; 0.40;242;30,5;25,7;15,9;Revisado
2011-07-02;17:47:01;9,48;-73,495;0;2,1;;CESAR;CHIRIGUANA;4; 0.50;232;29,9;25,8;15,2;Revisado
2011-07-03;17:39:03;9,454;-73,333;0;2;;CESAR;LA_JAGUA_DE_IBIRICO;6; 0.30;131;4,6;5,6;5,5;Revisado
2011-07-03;22:56:22;9,798;-73,312;0,5;1,6;;CESAR;BECERRIL;5; 0.30;252;7,5;6,5;6,6;Revisado
2011-07-04;17:21:07;9,497;-73,344;0;2;;CESAR;LA_JAGUA_DE_IBIRICO;5; 0.50;239;9,8;10,4;8,5;Revisado
2011-07-04;17:47:12;9,851;-73,395;2,2;2,3;;CESAR;BECERRIL;6; 0.30;252;7,8;8,8;8,6;Revisado
2011-07-04;22:51:00;9,512;-73,615;0;1,9;;CESAR;CHIRIGUANA;4; 0.40;229;15,8;13,6;20,7;Revisado
2011-07-07;17:41:45;9,399;-73,496;2;2,4;;CESAR;CHIRIGUANA;6; 0.50;125;3,6;4,3;8;Revisado
2011-07-12;17:41:46;9,417;-73,469;0;2,2;;CESAR;CHIRIGUANA;6; 0.50;231;8,2;7,8;8;Revisado
2011-07-12;17:51:22;9,629;-73,413;0;2;;CESAR;LA_JAGUA_DE_IBIRICO;7; 0.40;242;7,3;7,2;7,2;Revisado
2011-07-15;18:01:56;9,625;-73,453;0;2,2;;CESAR;LA_JAGUA_DE_IBIRICO;6; 0.30;125;3,4;5;7,4;Revisado
2011-07-15;22:10:38;9,573;-73,363;2,9;2;;CESAR;LA_JAGUA_DE_IBIRICO;5; 0.30;129;2,8;3,8;5,3;Revisado
2011-07-17;18:06:57;9,606;-73,531;0;2,4;;CESAR;LA_JAGUA_DE_IBIRICO;5; 0.30;184;5,6;6,6;8,2;Revisado
2011-08-02;17:29:57;9,496;-73,398;0;1,4;;CESAR;LA_JAGUA_DE_IBIRICO;4; 0.60;238;23,2;23,2;13,2;Revisado
2011-08-15;04:40:19;9,565;-73,603;0;2,7;;CESAR;EL_PASO;6; 0.40;121;1,7;2,8;4,8;Revisado
2011-08-15;18:16:34;9,77;-73,54;0;2,1;;CESAR;EL_PASO;4; 0.60;131;3,5;6,8;9,7;Revisado
2011-08-19;17:40:07;9,648;-73,403;0;2;;CESAR;LA_JAGUA_DE_IBIRICO;5; 0.50;171;4,2;9,8;14,8;Revisado
2011-08-20;22:55:04;9,729;-73,333;0;1,9;;CESAR;BECERRIL;4; 0.40;146;3,7;9;9,9;Revisado
2011-08-27;17:58:02;9,745;-73,351;0;2;;CESAR;BECERRIL;4; 0.50;144;4;12,5;10,5;Revisado
2011-08-31;17:46:16;9,581;-73,446;0,6;1,8;;CESAR;LA_JAGUA_DE_IBIRICO;4; 0.40;174;2,1;5,2;7;Revisado
2011-09-09;17:45:23;9,616;-73,347;1,5;2,1;;CESAR;LA_JAGUA_DE_IBIRICO;6; 0.50;132;3,6;5,8;9;Revisado
2011-09-10;22:37:31;9,733;-73,44;2;1,6;;CESAR;BECERRIL;5; 0.50;176;4,2;9,1;9,3;Revisado
2011-09-11;22:59:12;9,598;-73,418;11,6;1,9;;CESAR;LA_JAGUA_DE_IBIRICO;4; 0.40;142;4,7;5,4;11,9;Revisado
2011-09-21;17:45:36;9,646;-73,307;1,5;2,1;;CESAR;BECERRIL;5; 0.30;203;3,4;8,2;9,9;Revisado
2011-09-26;21:52:33;9,648;-73,428;0;1,2;;CESAR;LA_JAGUA_DE_IBIRICO;4; 0.50;165;4,8;9,3;12,5;Revisado
2011-09-27;17:20:32;9,758;-73,39;0;1,9;;CESAR;BECERRIL;4; 0.40;239;7,1;6,8;10,4;Revisado
2011-09-28;18:45:39;9,486;-73,619;0;2;;CESAR;CHIRIGUANA;4; 0.50;121;4,5;4,8;11;Revisado
2011-09-29;17:40:23;9,589;-73,324;0,7;2,2;;CESAR;LA_JAGUA_DE_IBIRICO;4; 0.30;176;5,6;8,6;9;Revisado
2011-09-30;17:52:14;9,375;-73,422;0,9;1,9;;CESAR;CHIRIGUANA;4; 0.50;186;4,9;5,4;8,1;Revisado
2011-10-02;17:46:08;9,544;-73,471;3;2,2;;CESAR;LA_JAGUA_DE_IBIRICO;6; 0.30;148;3,4;4,9;6;Revisado
2011-10-02;23:02:06;9,637;-73,574;2;1,7;;CESAR;EL_PASO;4; 0.40;133;2,5;3,6;8,2;Revisado
2011-10-02;23:05:18;9,566;-73,52;0;2;;CESAR;LA_JAGUA_DE_IBIRICO;5; 0.30;136;2,4;3,1;8,2;Revisado
2011-10-08;18:09:08;9,664;-73,479;0,1;1,9;;CESAR;LA_JAGUA_DE_IBIRICO;6; 0.40;126;3,2;4,1;7,2;Revisado
2011-10-09;22:55:56;9,638;-73,531;0;1,7;;CESAR;LA_JAGUA_DE_IBIRICO;5; 0.40;124;2,8;3,1;5,9;Revisado
2011-10-11;17:12:46;9,512;-73,403;2;1,6;;CESAR;LA_JAGUA_DE_IBIRICO;4; 0.40;130;8,4;12,8;11,2;Revisado
2011-10-11;17:52:23;9,547;-73,498;0;2;;CESAR;LA_JAGUA_DE_IBIRICO;5; 0.30;126;3,8;5,5;11,7;Revisado
2011-10-12;17:31:07;9,619;-73,324;0;1,5;;CESAR;LA_JAGUA_DE_IBIRICO;4; 0.40;133;4,7;5,5;12,3;Revisado
2011-10-16;14:44:33;9,616;-73,393;0;2,5;;CESAR;LA_JAGUA_DE_IBIRICO;4; 0.50;143;4,7;7,9;13,2;Revisado
2011-10-18;17:50:39;9,455;-73,652;3,9;2,1;;CESAR;CHIRIGUANA;5; 0.40;184;10,9;9,4;13,9;Revisado
2011-10-24;17:56:14;9,581;-73,516;1,6;1,6;;CESAR;LA_JAGUA_DE_IBIRICO;4; 0.30;136;2,8;3,6;8,5;Revisado
2011-10-25;19:00:16;9,646;-73,372;0;2,3;;CESAR;LA_JAGUA_DE_IBIRICO;5; 0.40;130;2,9;5,5;11,5;Revisado
2011-10-26;16:57:43;9,761;-73,547;0;1,9;;CESAR;EL_PASO;5; 0.40;133;3;3,9;10,9;Revisado
2011-10-29;17:41:03;9,6;-73,486;1,7;2;;CESAR;LA_JAGUA_DE_IBIRICO;6; 0.30;126;2,3;3,8;5,4;Revisado
2011-10-30;16:44:53;9,645;-73,406;0;2;;CESAR;LA_JAGUA_DE_IBIRICO;6; 0.20;245;4,8;5,3;4,7;Revisado
2011-10-31;16:35:01;9,73;-73,488;0;2,2;;CESAR;BECERRIL;4; 0.30;137;3;3,4;8,9;Revisado
2011-10-31;23:03:17;9,615;-73,478;4;2;;CESAR;LA_JAGUA_DE_IBIRICO;5; 0.30;126;2,5;2,8;5,4;Revisado
2011-11-01;17:41:39;9,459;-73,517;0;1,8;;CESAR;CHIRIGUANA;5; 0.50;125;6,4;7;9;Revisado
2011-11-06;17:10:44;9,731;-73,53;0,1;2,1;;CESAR;EL_PASO;4; 0.60;135;6;8,3;17,8;Revisado
2011-11-06;17:49:44;9,61;-73,366;0;2;;CESAR;LA_JAGUA_DE_IBIRICO;4; 0.60;145;3,7;15;19,2;Revisado
2011-11-09;16:57:22;9,8;-73,435;0;1,9;;CESAR;BECERRIL;6; 0.50;139;3,9;6,1;6,1;Revisado
2011-11-09;23:03:18;9,664;-73,518;0;1,9;;CESAR;LA_JAGUA_DE_IBIRICO;4; 0.60;136;5,5;8,7;20;Revisado
2011-11-15;17:02:55;9,848;-73,545;0;1,9;;CESAR;EL_PASO;4; 0.40;137;11,8;5,6;15,1;Revisado
2011-11-15;18:03:59;9,726;-73,527;0;2,1;;CESAR;EL_PASO;4; 0.40;168;4,7;31,6;12,8;Revisado
2011-11-17;23:54:56;9,711;-73,442;3,8;1,9;;CESAR;BECERRIL;4; 0.60;140;4,2;15,4;16;Revisado
2011-11-19;17:26:41;9,657;-73,335;0;1,6;;CESAR;BECERRIL;4; 0.50;132;4,9;8;10,3;Revisado
2011-11-21;17:24:45;9,648;-73,546;0;1,9;;CESAR;EL_PASO;4; 0.40;220;2,6;13,8;8,8;Revisado
2011-11-22;17:43:03;9,601;-73,328;0;2;;CESAR;LA_JAGUA_DE_IBIRICO;6; 0.60;148;3;7,3;9,2;Revisado
2011-11-26;04:28:31;9,473;-73,319;0,9;1,7;;CESAR;LA_JAGUA_DE_IBIRICO;4; 0.40;150;2,4;5,1;6,1;Revisado
2011-11-26;17:43:07;9,604;-73,365;0;2;;CESAR;LA_JAGUA_DE_IBIRICO;5; 0.50;177;2,6;7,9;9,5;Revisado
2011-11-27;18:10:00;9,762;-73,387;0;1,7;;CESAR;BECERRIL;4; 0.50;182;7,7;10,9;10,9;Revisado
2011-11-28;17:13:33;9,65;-73,712;0;2;;CESAR;EL_PASO;4; 0.40;235;6,2;23,8;11,1;Revisado
2011-11-29;17:44:07;9,637;-73,736;0;2;;CESAR;EL_PASO;4; 0.40;236;5,9;26,3;12,2;Revisado
2011-11-30;17:00:09;9,884;-73,599;0;2,2;;CESAR;EL_PASO;4; 0.30;231;4,3;4,9;4,3;Revisado
2011-11-30;18:01:18;9,789;-73,624;0;2,2;;CESAR;EL_PASO;4; 0.40;231;10,4;27,1;16,8;Revisado
2011-12-05;17:24:03;9,643;-73,688;4;2,1;;CESAR;EL_PASO;4; 0.30;234;6,4;39,7;13,8;Revisado
2011-12-09;17:53:47;9,748;-73,402;0;1,9;;CESAR;BECERRIL;5; 0.60;176;6,6;6,9;11,7;Revisado
2011-12-25;20:30:13;9,823;-73,498;1;1,8;;CESAR;BECERRIL;7; 0.10;141;4,6;3,1;6,5;Revisado
2012-01-10;17:44:49;9,7;-73,512;0;2,4;;CESAR;LA_JAGUA_DE_IBIRICO;8; 0.50;129;5,3;5,7;11;Revisado
2012-02-04;17:20:26;9,599;-73,456;0;1,9;;CESAR;LA_JAGUA_DE_IBIRICO;4; 0.30;164;2,1;17,5;7,4;Revisado
2012-02-09;17:41:26;9,698;-73,566;0;2;;CESAR;EL_PASO;5; 0.20;141;3,6;3,1;5,6;Revisado
2012-02-26;17:44:23;9,7;-73,678;0;2,1;;CESAR;EL_PASO;5; 0.40;235;6,4;17,4;13,1;Revisado
2012-03-01;17:22:37;9,688;-73,721;4;2;;CESAR;EL_PASO;4; 0.20;215;5,6;14,2;11,2;Revisado
2012-03-05;17:20:45;9,533;-73,491;6;2,2;;CESAR;LA_JAGUA_DE_IBIRICO;4; 0.40;194;2,3;16,7;17,8;Revisado
2012-03-06;17:42:33;9,627;-73,61;4;2,4;;CESAR;EL_PASO;5; 0.40;178;2,8;8,4;8,1;Revisado
2012-03-08;17:42:41;9,629;-73,472;4;2,2;;CESAR;LA_JAGUA_DE_IBIRICO;4; 0.30;156;3,6;14,2;11,8;Revisado
2012-03-24;17:29:04;9,616;-73,392;4,2;1,9;;CESAR;LA_JAGUA_DE_IBIRICO;4; 0.40;172;3,8;23,7;11,9;Revisado
2012-03-29;17:57:30;9,726;-73,363;0;2;;CESAR;BECERRIL;5; 0.50;186;3,7;12,9;12,4;Revisado
2012-03-31;17:45:43;9,679;-73,478;0;2,2;;CESAR;LA_JAGUA_DE_IBIRICO;6; 0.40;159;4,9;12,3;14,8;Revisado
2012-04-01;17:43:15;9,634;-73,534;0;2,2;;CESAR;LA_JAGUA_DE_IBIRICO;7; 0.50;165;4;10,8;10,8;Revisado
2012-04-05;17:44:11;9,637;-73,415;0;2,2;;CESAR;LA_JAGUA_DE_IBIRICO;6; 0.60;153;4,2;13,7;17,7;Revisado
2012-04-06;17:42:05;9,601;-73,562;4;2,1;;CESAR;EL_PASO;5; 0.60;167;3,4;10,9;13,9;Revisado
2012-04-10;17:42:53;9,611;-73,312;0;1,8;;CESAR;LA_JAGUA_DE_IBIRICO;5; 0.40;187;3,5;9,4;10,7;Revisado
2012-04-16;17:46:52;9,577;-73,479;0;1,7;;CESAR;LA_JAGUA_DE_IBIRICO;4; 0.40;155;2,2;11,4;8,2;Revisado
2012-04-18;17:17:09;9,613;-73,443;3,1;1,9;;CESAR;LA_JAGUA_DE_IBIRICO;4; 0.40;162;2,3;16,9;7,9;Revisado
2012-04-20;17:42:45;9,619;-73,42;0;2,2;;CESAR;LA_JAGUA_DE_IBIRICO;5; 0.40;167;2;6,8;7,3;Revisado
2012-04-22;17:56:52;9,592;-73,629;0;2,1;;CESAR;EL_PASO;5; 0.40;187;4,6;27;14,5;Revisado
2012-04-23;17:14:54;9,629;-73,738;0;2,3;;CESAR;EL_PASO;4; 0.40;236;7,3;31,2;14,6;Revisado
2012-04-24;21:35:37;9,841;-73,424;0;1,8;;CESAR;BECERRIL;4; 0.40;137;5,6;8,5;10,1;Revisado
2012-05-13;17:18:05;9,629;-73,362;0;2,3;;CESAR;LA_JAGUA_DE_IBIRICO;4; 0.40;179;4,1;15,9;13,4;Revisado
2012-05-17;17:25:34;9,815;-73,413;0;1,7;;CESAR;BECERRIL;4; 0.30;164;3;9,2;8,5;Revisado
2012-05-17;17:48:28;9,603;-73,366;0;2,1;;CESAR;LA_JAGUA_DE_IBIRICO;6; 0.40;171;2,4;7,1;10,7;Revisado
2012-05-19;17:39:21;9,638;-73,721;2;1,3;;CESAR;EL_PASO;4; 0.40;122;3,5;4;9,5;Revisado
2012-05-20;17:56:03;9,739;-73,326;0;1,9;;CESAR;BECERRIL;4; 0.50;211;5,2;16,3;17,2;Revisado
2012-05-21;23:02:04;9,77;-73,691;2;2,1;;CESAR;EL_PASO;4; 0.30;208;6,8;15,2;9,1;Revisado
2012-05-23;17:30:27;9,829;-73,384;0;1,9;;CESAR;BECERRIL;5; 0.30;167;3,8;6,4;7,6;Revisado
2012-05-27;17:31:30;9,824;-73,342;0;1,5;;CESAR;BECERRIL;4; 0.40;172;5,3;7,1;6,6;Revisado
2012-05-28;17:42:25;9,57;-73,319;4;2,6;;CESAR;LA_JAGUA_DE_IBIRICO;6; 0.40;161;2,4;6,8;6,6;Revisado
2012-06-03;17:36:13;9,819;-73,398;0;1,9;;CESAR;BECERRIL;6; 0.50;186;6,7;9,4;9,7;Revisado
2012-06-14;17:23:07;9,611;-73,424;0;2;;CESAR;LA_JAGUA_DE_IBIRICO;5; 0.50;166;2,7;7,6;8,5;Revisado
2012-06-18;17:33:55;9,594;-73,524;0,6;2,5;;CESAR;LA_JAGUA_DE_IBIRICO;5; 0.60;147;4,6;9,1;14;Revisado
2012-06-24;17:39:53;9,627;-73,317;0;2;;CESAR;LA_JAGUA_DE_IBIRICO;6; 0.40;187;4;8,1;9,2;Revisado
2012-07-08;22:12:10;9,634;-73,518;0;2,3;;CESAR;LA_JAGUA_DE_IBIRICO;8; 0.50;144;2,9;6,3;10,3;Revisado
2012-07-09;17:38:47;9,634;-73,509;0;2,1;;CESAR;LA_JAGUA_DE_IBIRICO;5; 0.30;145;1,8;3,8;5,8;Revisado
2012-07-12;22:11:16;9,651;-73,508;0;2;;CESAR;LA_JAGUA_DE_IBIRICO;5; 0.40;145;2,3;4,8;6,6;Revisado
2012-07-29;11:30:01;9,589;-73,35;0;2,2;;CESAR;LA_JAGUA_DE_IBIRICO;4; 0.40;244;9,1;11,4;9,5;Revisado
2012-08-03;11:32:34;9,374;-73,717;0;1,8;;CESAR;CHIRIGUANA;5; 0.30;224;11,5;10,4;16,5;Revisado
2012-08-05;11:25:09;9,702;-73,432;0,1;2,3;;CESAR;BECERRIL;4; 0.50;140;3,3;5,7;11,4;Revisado
2012-08-05;11:27:46;9,466;-73,484;0;2,2;;CESAR;CHIRIGUANA;4; 0.50;139;4,3;6,4;11,9;Revisado
2012-08-07;11:24:27;9,431;-73,457;0;2,2;;CESAR;CHIRIGUANA;5; 0.50;141;3,5;4,8;8,5;Revisado
2012-09-10;17:42:47;9,661;-73,473;1,2;2,3;;CESAR;LA_JAGUA_DE_IBIRICO;5; 0.50;126;5;5,5;10,8;Revisado
2012-10-04;22:16:13;9,616;-73,479;0;2,4;;CESAR;LA_JAGUA_DE_IBIRICO;6; 0.50;146;4,2;5;7;Revisado
2012-10-06;22:21:44;9,607;-73,71;0;2,4;;CESAR;EL_PASO;6; 0.20;133;2,1;6;7,2;Revisado
2012-10-09;22:19:57;9,675;-73,423;0,5;2,4;;CESAR;LA_JAGUA_DE_IBIRICO;4; 0.40;147;4,8;4;8,1;Revisado
2012-10-18;17:46:50;9,583;-73,717;1,2;2,1;;CESAR;EL_PASO;4; 0.50;134;3,6;7,7;9;Revisado
2012-10-29;17:50:06;9,441;-73,4;7,2;2,5;;CESAR;LA_JAGUA_DE_IBIRICO;6; 0.50;138;5,8;8,3;15,7;Revisado
2012-11-12;17:50:24;9,641;-73,65;0;1,9;;CESAR;EL_PASO;4; 0.60;148;5,1;7,2;9,8;Revisado
2012-11-18;15:06:47;9,539;-73,462;0,7;2,3;;CESAR;LA_JAGUA_DE_IBIRICO;6; 0.50;149;2,8;5,9;7,2;Revisado
2012-11-20;13:23:16;9,444;-73,469;4,1;2,7;;CESAR;CHIRIGUANA;11; 0.40;127;2,5;4,8;7,2;Revisado
2012-11-23;22:19:16;9,642;-73,519;4,3;1,8;;CESAR;LA_JAGUA_DE_IBIRICO;4; 0.60;161;8,2;21,2;22,4;Revisado
2012-12-05;07:01:13;9,424;-73,643;15;1,7;;CESAR;CHIRIGUANA;5; 0.20;129;1,2;2,4;4,1;Revisado
2013-01-30;17:31:54;9,694;-73,411;4;2,4;;CESAR;BECERRIL;5; 0.30;189;4,6;5,8;7,7;Revisado
2013-02-01;17:53:54;9,81;-73,403;0;2,1;;CESAR;BECERRIL;5; 0.50;251;14,8;13,6;18,2;Revisado
2013-02-02;17:24:41;9,775;-73,396;0;2,1;;CESAR;BECERRIL;4; 0.40;253;11,9;5,9;9;Revisado
2013-02-02;17:34:35;9,711;-73,468;0;1,8;;CESAR;BECERRIL;5; 0.50;246;6,9;8,8;10,1;Revisado
2013-02-04;17:55:08;9,481;-73,514;0;2,1;;CESAR;CHIRIGUANA;5; 0.50;235;9,2;6,5;10,9;Revisado
2013-04-16;21:10:58;9,779;-73,429;0;2,1;;CESAR;BECERRIL;6; 0.40;169;4,7;6,8;11,2;Revisado
2013-04-22;20:58:46;9,517;-73,408;0;2,1;;CESAR;LA_JAGUA_DE_IBIRICO;4; 0.50;181;4,4;11,1;12,6;Revisado
2013-05-07;20:52:28;9,759;-73,352;2;2,7;;CESAR;BECERRIL;5; 0.50;206;2,5;9,2;9,7;Revisado
2013-05-09;21:02:20;9,568;-73,397;0;2;;CESAR;LA_JAGUA_DE_IBIRICO;4; 0.50;184;2,2;6;8,3;Revisado
2013-05-22;17:09:59;9,405;-73,583;9,4;2;;CESAR;CHIRIGUANA;4; 0.10;153;0,9;2,1;3,5;Revisado
2013-05-28;18:05:49;9,733;-73,554;0;2,2;;CESAR;EL_PASO;4; 0.30;179;3,1;8,7;8,1;Revisado
2013-05-31;18:00:36;9,632;-73,59;1,3;2,6;;CESAR;EL_PASO;4; 0.40;175;2,6;5,7;6,6;Revisado
2013-06-02;17:24:38;9,579;-73,308;0;1,6;;CESAR;LA_JAGUA_DE_IBIRICO;4; 0.50;136;2,9;4,9;9;Revisado
2013-06-10;17:23:40;9,55;-73,346;14,6;2;;CESAR;LA_JAGUA_DE_IBIRICO;4; 0.20;250;3,5;7,3;7,6;Revisado
2013-08-11;07:53:32;9,817;-73,377;4;1,4;;CESAR;BECERRIL;7; 0.40;168;1,9;3,6;5,6;Revisado
2013-09-08;07:59:17;9,558;-73,511;4;1,6;;CESAR;LA_JAGUA_DE_IBIRICO;5; 0.40;135;2;3,7;6,9;Revisado
2013-10-30;02:06:03;9,709;-73,666;13,8;1,6;;CESAR;EL_PASO;4; 0.50;127;3,2;4,3;6;Revisado
2013-12-05;02:06:39;9,586;-73,381;0;1,6;;CESAR;LA_JAGUA_DE_IBIRICO;5; 0.40;145;1,9;3,8;5,6;Revisado
2013-12-07;20:26:25;9,857;-73,623;6,8;2;;CESAR;EL_PASO;5; 0.40;155;2,5;2;4,4;Revisado
2014-03-23;17:38:35;9,781;-73,335;0;2;;CESAR;BECERRIL;4; 0.50;214;2,7;9;8,9;Revisado
2014-04-18;17:24:47;9,805;-73,49;8,9;2,5;;CESAR;BECERRIL;6; 0.40;258;8,9;8,1;8,7;Revisado
2014-04-28;17:27:27;9,501;-73,373;0;2;;CESAR;LA_JAGUA_DE_IBIRICO;6; 0.60;193;7,3;6,5;12,6;Revisado
2014-04-29;17:27:58;9,728;-73,424;0;2;;CESAR;BECERRIL;7; 0.50;204;5,4;4,8;7,5;Revisado
2014-05-02;17:18:56;9,495;-73,357;0;2,1;;CESAR;LA_JAGUA_DE_IBIRICO;4; 0.40;240;4,1;4,6;7,1;Revisado
2014-06-21;21:09:39;9,534;-73,609;8,5;2,1;;CESAR;CHIRIGUANA;7; 0.60;220;8,5;10,5;8,5;Revisado
2014-06-28;17:33:00;9,451;-73,468;1,5;2;;CESAR;CHIRIGUANA;5; 0.40;222;7,1;8,9;6,8;Revisado
2014-07-04;19:28:22;9,508;-73,511;4,1;2,2;;CESAR;CHIRIGUANA;11; 0.50;183;3,7;5;5,7;Revisado
2014-07-30;03:12:44;9,418;-73,624;0;2;;CESAR;CHIRIGUANA;6; 0.40;130;2,3;3,2;5,6;Revisado
2014-09-01;17:43:44;9,471;-73,519;4,1;1,8;;CESAR;CHIRIGUANA;6; 0.40;234;4,4;3,7;5,3;Revisado
2014-09-12;22:19:51;9,592;-73,472;4,4;2,2;;CESAR;LA_JAGUA_DE_IBIRICO;6; 0.50;161;2,7;4,3;8;Revisado
2014-09-14;17:28:05;9,53;-73,363;1,3;1,8;;CESAR;LA_JAGUA_DE_IBIRICO;4; 0.50;242;6,2;8;11;Revisado
2014-10-14;17:48:17;9,62;-73,559;0;2;;CESAR;EL_PASO;5; 0.40;307;11,9;4,6;9,8;Revisado
2014-10-17;17:44:37;9,569;-73,559;0;1,9;;CESAR;CHIRIGUANA;6; 0.70;237;8;8,3;10,4;Revisado
2014-10-20;17:31:09;9,491;-73,362;0;2,1;;CESAR;LA_JAGUA_DE_IBIRICO;9; 0.50;180;5,3;4,8;6,9;Revisado
2014-10-25;17:23:06;9,558;-73,478;0;1,8;;CESAR;LA_JAGUA_DE_IBIRICO;5; 0.50;176;3,9;11;12,5;Revisado
2014-11-09;17:21:27;9,623;-73,34;0;2,2;;CESAR;LA_JAGUA_DE_IBIRICO;5; 0.60;132;4,2;5,3;8,1;Revisado
2014-11-17;17:41:17;9,588;-73,461;0;1,9;;CESAR;LA_JAGUA_DE_IBIRICO;6; 0.50;241;8,1;8,5;7,9;Revisado
2014-11-20;17:23:35;9,526;-73,338;0;1,8;;CESAR;LA_JAGUA_DE_IBIRICO;4; 0.40;233;9,6;11,8;9,5;Revisado
2014-11-21;17:43:01;9,49;-73,509;0;2,1;;CESAR;CHIRIGUANA;7; 0.30;125;2,3;2,7;4,4;Revisado
2014-11-28;17:27:29;9,79;-73,431;0;1,9;;CESAR;BECERRIL;6; 0.50;127;2,7;4,7;6,9;Revisado
2014-11-30;19:31:40;9,775;-73,551;0;1,9;;CESAR;EL_PASO;6; 0.40;133;2,1;2,7;5,4;Revisado
2014-11-30;22:46:12;9,626;-73,357;4,3;2,3;;CESAR;LA_JAGUA_DE_IBIRICO;6; 0.50;145;6,3;10,5;11,1;Revisado
2014-12-12;17:37:43;9,855;-73,691;18;1,8;;CESAR;EL_PASO;5; 0.80;124;7,9;18,6;16,2;Revisado
2014-12-14;16:37:17;9,675;-73,318;0;1,8;;CESAR;BECERRIL;5; 0.60;188;5,8;8,6;9,2;Revisado
2014-12-21;06:05:38;9,815;-73,372;4;1,3;;CESAR;BECERRIL;4; 0.20;193;2,1;2,6;4,6;Revisado
2014-12-21;14:16:20;9,773;-73,464;1,4;2,1;;CESAR;BECERRIL;11; 0.70;83;2,7;3,8;6,9;Revisado
2014-12-21;17:54:05;9,534;-73,385;0;1,9;;CESAR;LA_JAGUA_DE_IBIRICO;8; 0.70;159;4,2;6,8;10,4;Revisado
2015-01-16;22:45:33;9,591;-73,328;0,5;2;;CESAR;LA_JAGUA_DE_IBIRICO;6; 0.30;154;2,2;3,4;4,8;Revisado
2015-02-15;14:35:19;9,823;-73,557;0;2;;CESAR;EL_PASO;9; 0.40;90;2,3;4;5,6;Revisado
2015-02-15;17:49:33;9,603;-73,445;0;1,7;;CESAR;LA_JAGUA_DE_IBIRICO;4; 0.30;164;1,9;3,8;4,8;Revisado
2015-02-17;17:49:28;9,595;-73,55;0;2;;CESAR;EL_PASO;5; 0.50;172;3;5,8;6,9;Revisado
2015-02-19;17:33:55;9,753;-73,411;0;2,2;;CESAR;BECERRIL;6; 0.50;141;2,7;4,9;6,6;Revisado
2015-03-10;08:40:33;9,72;-73,461;7,8;2,8;2,8;CESAR;BECERRIL;6; 0.40;160;2,2;2,8;5,3;Revisado
2015-03-31;17:28:12;9,736;-73,409;0;1,9;;CESAR;BECERRIL;6; 0.50;141;2,6;4,3;7;Revisado
2015-04-02;17:47:07;9,562;-73,507;0;2,3;;CESAR;LA_JAGUA_DE_IBIRICO;12; 0.40;137;2,1;3;4,7;Revisado
2015-04-03;17:29:49;9,746;-73,452;0;2;;CESAR;BECERRIL;9; 0.60;139;2,4;4,3;6,7;Revisado
2015-04-03;17:41:11;9,609;-73,543;0;2;;CESAR;EL_PASO;4; 0.50;146;3,3;6,2;9,5;Revisado
2015-04-04;19:04:50;9,853;-73,677;2;2;;CESAR;EL_PASO;4; 0.40;193;4,6;9,7;7,6;Revisado
2015-04-04;19:42:51;9,58;-73,54;0;1,8;;CESAR;LA_JAGUA_DE_IBIRICO;6; 0.50;135;2,9;4,3;6,6;Revisado
2015-04-11;21:05:23;9,736;-73,436;0;2,2;;CESAR;BECERRIL;9; 0.50;108;2,3;3,3;5,4;Revisado
2015-08-15;20:35:23;9,527;-73,356;0;2,1;;CESAR;LA_JAGUA_DE_IBIRICO;6; 0.50;146;2,8;3,9;7;Revisado
2015-11-28;20:13:28;9,526;-73,511;0;1,8;;CESAR;LA_JAGUA_DE_IBIRICO;6; 0.60;225;5,5;6,5;8,3;Revisado
2015-12-30;17:51:46;9,568;-73,456;0;2,4;;CESAR;LA_JAGUA_DE_IBIRICO;6; 0.50;127;6,7;3,8;7;Revisado
2016-01-03;17:12:54;9,671;-73,423;0;1,8;;CESAR;LA_JAGUA_DE_IBIRICO;6; 0.30;165;2,8;2,5;3,7;Revisado
2016-01-07;17:20:35;9,538;-73,335;13,9;2,1;;CESAR;LA_JAGUA_DE_IBIRICO;8; 0.60;163;4;7,4;10,9;Revisado
2016-01-09;20:07:36;9,538;-73,485;0;1,9;;CESAR;LA_JAGUA_DE_IBIRICO;5; 0.60;176;5,9;6,2;7,9;Revisado
2016-01-09;20:13:25;9,564;-73,481;0;2,3;;CESAR;LA_JAGUA_DE_IBIRICO;9; 0.30;138;2,5;3,3;3,6;Revisado
2016-01-23;17:32:14;9,767;-73,53;0;2,3;;CESAR;EL_PASO;8; 0.30;112;2,2;3,7;4,3;Revisado
2016-02-09;21:13:49;9,651;-73,34;2,8;2,2;;CESAR;BECERRIL;6; 0.30;145;2,2;4;2,7;Revisado
2016-02-10;17:45:09;9,525;-73,504;1,2;1,9;;CESAR;LA_JAGUA_DE_IBIRICO;4; 0.60;170;4,6;4,3;7,1;Revisado
2016-02-12;17:50:27;9,578;-73,601;0;1,9;;CESAR;EL_PASO;4; 0.70;218;5,4;10,3;9,9;Revisado
2016-02-13;17:16:09;9,586;-73,347;0;1,9;;CESAR;LA_JAGUA_DE_IBIRICO;7; 0.50;161;3,6;5,2;8;Revisado
2016-02-13;19:59:11;9,563;-73,604;0;1,9;;CESAR;EL_PASO;5; 0.40;218;3,1;4,2;3,9;Revisado
2016-02-20;21:51:57;9,593;-73,57;0;2;;CESAR;EL_PASO;4; 0.70;216;4,3;16,6;9,8;Revisado
2016-03-05;20:07:56;9,572;-73,467;0;2,3;;CESAR;LA_JAGUA_DE_IBIRICO;6; 0.80;111;4,2;5,2;9,3;Revisado
2016-03-24;17:28:10;9,734;-73,446;0;2;;CESAR;BECERRIL;7; 0.70;108;3,3;6,3;8,5;Revisado
2016-03-27;18:09:55;9,629;-73,445;0;2,4;;CESAR;LA_JAGUA_DE_IBIRICO;6; 0.50;116;7,1;5,2;8,3;Revisado
2016-06-19;07:35:07;9,384;-73,325;5,6;1,1;;CESAR;LA_JAGUA_DE_IBIRICO;5; 0.20;165;1,5;2,2;3,8;Revisado
2016-09-20;12:16:39;9,854;-73,668;11,4;1,4;;CESAR;EL_PASO;4; 0.20;164;5,3;1,2;3,7;Revisado
2016-09-29;17:25:35;9,703;-73,319;0;1,8;;CESAR;BECERRIL;10; 0.70;147;5,5;6,1;9,2;Revisado
2016-12-22;05:24:10;9,541;-73,664;3,5;1,3;;CESAR;EL_PASO;4; 0.40;220;11,4;1,5;6,8;Revisado
2017-01-15;22:48:30;9,591;-73,365;0;2,2;;CESAR;LA_JAGUA_DE_IBIRICO;7; 0.60;131;3,7;6,5;7,9;Revisado
2017-02-03;22:53:00;9,627;-73,439;0;2,2;;CESAR;LA_JAGUA_DE_IBIRICO;10; 0.50;105;2,8;3,6;3,8;Revisado
2017-04-19;17:29:12;9,755;-73,538;0;2,1;;CESAR;EL_PASO;6; 0.70;123;4,7;5,6;8,7;Revisado
2017-05-28;17:29:13;9,612;-73,397;0;1,7;;CESAR;LA_JAGUA_DE_IBIRICO;6; 0.80;166;8;5,9;12,4;Revisado
2017-07-02;22:46:10;9,622;-73,308;0;2;;CESAR;LA_JAGUA_DE_IBIRICO;7; 0.60;171;4,6;6,1;5,8;Revisado
2017-08-16;14:57:28;9,552;-73,397;10,6;1,4;;CESAR;LA_JAGUA_DE_IBIRICO;7; 0.70;128;4,7;3,8;6,2;Revisado
2017-10-01;17:19:19;9,653;-73,342;0;2;;CESAR;BECERRIL;8; 0.60;132;3,2;3,9;6,7;Revisado
2017-10-08;08:30:56;9,648;-73,628;16;1,2;;CESAR;EL_PASO;6; 0.70;203;7,7;3,5;6,1;Revisado
2017-10-11;16:56:31;9,742;-73,511;0;1,8;;CESAR;BECERRIL;5; 0.70;124;4,6;4;9;Revisado
2017-10-19;17:34:44;9,875;-73,523;0;1,9;;CESAR;BECERRIL;4; 0.40;133;3;2,5;5,5;Revisado
2017-11-01;17:31:53;9,876;-73,56;0;1,9;;CESAR;EL_PASO;6; 0.60;121;4;3,5;7,7;Revisado
2017-11-01;22:47:39;9,637;-73,459;0;1,8;;CESAR;LA_JAGUA_DE_IBIRICO;8; 0.70;127;3,3;3,2;5,8;Revisado
2017-11-06;17:30:51;9,85;-73,493;0;2,1;;CESAR;BECERRIL;11; 0.70;124;2,9;3,8;6;Revisado
2018-01-02;02:40:24;9,855;-73,52;8;1,1;;CESAR;BECERRIL;9; 0.40;110;1,9;2;5,2;Revisado
2018-02-13;05:08:09;9,861;-73,621;13;0,9;;CESAR;EL_PASO;7; 0.30;122;2,2;1,7;3,2;Revisado
